Name,Ticker,"Sub-Sector","Market Cap","Close Price","RSI – 14D","% Away From 52W High",,
ICICI Bank Limited,ICICIBANK,"Private Banks","1025902.3145070401","1419.6","46.021505376344","4.254719639335036",,
Titan Company Ltd,TITAN,"Precious Metals, Jewellery & Watches","455013.765388","5082","76.8575851393188","1.6922471467925915",,
Hindustan Aeronautics Ltd,HAL,"Aerospace & Defense Equipments","328301.6475","5059.9","77.1442495126705","1.7786912784837572",,
Bajaj Auto Ltd,BAJAJ-AUTO,"Two Wheelers","321987.6569846","11720","68.2406702208682","1.220136518771331",,
JSW Steel Limited,JSWSTEEL,"Iron & Steel","313275.14578152","1282","54.5807884508606","4.134165366614662",,
Shriram Finance Limited,SHRIRAMFIN,"Consumer Finance","265859.64412261","1125.3","62.3824451410659","2.5237714387274623",,
Divi's Laboratories Ltd,DIVISLAB,"Labs & Life Sciences Services","227732.221353","8540","78.2732447817837","1.5690866510538637",,
Grasim Industries Ltd,GRASIM,"Cement","225323.70710682002","3250","60.9928077845156","4.956923076923081",,
Eicher Motors Ltd,EICHERMOT,"Trucks & Buses","219598.024","8064.5","65.5274261603376","2.052204104408206",,
TVS Motor Company Limited,TVSMOTOR,"Two Wheelers","210984.6690388","4366","76.1247877758913","2.496564360971143",,
Samvardhana Motherson International Ltd,MOTHERSON,"Auto Parts","178251.61981590601","168.45","81.5388397246805","2.107450281982781",,
Pidilite Industries Ltd,PIDILITIND,"Diversified Chemicals","171579.09686584","1667.3","62.8666666666667","2.4110837881605063",,
Solar Industries India Ltd,SOLARINDS,"Commodity Chemicals","169849.833235","19990","48.2717041800643","2.051025512756377",,
Cholamandalam Investment and Finance Company Ltd,CHOLAFIN,"Consumer Finance","163494.15278223998","1885.9","68.0760279286268","3.53147038549233",,
ABB India Ltd,ABB,"Heavy Electrical Equipments","161294.05963125","7685.5","59.7253266380501","3.1097521306356235",,
Siemens Ltd,SIEMENS,"Conglomerates","142839.9345555","3960","77.049670855775","3.4823232323232256",,
Bharat Heavy Electricals Ltd,BHEL,"Heavy Electrical Equipments","140327.1532065","432","37.8280542986425","3.356481481481488",,
Bosch Ltd,BOSCHLTD,"Auto Parts","133278.12785","47000","69.9944842801986","1.553191489361705",,
Apollo Hospitals Enterprise Limited,APOLLOHOSP,"Hospitals & Diagnostic Centres","125818.76410785","8875","41.7871222076216","1.9718309859154903",,
United Spirits Limited,UNITDSPR,"Alcoholic Beverages","112644.82660411001","1545.1","81.3449023861172","0.23299462817940597",,
Marico Limited,MARICO,"FMCG - Personal Products","110823.086988","857.2","46.9314079422383","3.721418572095181",,
Oracle Financial Services Software Ltd,OFSS,"Software Services","103585.026696","11772","75.2050168837434","1.758409785932713",,
Lenskart Solutions Ltd,LENSKART,"Retail - Speciality","102445.41816444001","607.4","66.2140141227593","3.218636812644071",,
One 97 Communications Ltd,PAYTM,"Online Services","102177.3837407","1589","94.4006523511824","4.317180616740091",,
Laurus Labs Ltd,LAURUSLABS,"Pharmaceuticals","100390.0101044","1801.8","90.1662844036697","3.829503829503822",,
Aurobindo Pharma Ltd,AUROPHARMA,"Pharmaceuticals","95397.654991","1629","71.156462585034","3.2780847145488012",,
Federal Bank Ltd,FEDERALBNK,"Private Banks","87547.26520281","355.3","51.173285198556","4.615817618913587",,
AU Small Finance Bank Limited,AUBANK,"Consumer Finance","80310.09312015","1072.8","73.2206861239119","3.0853840417598866",,
Nippon Life India Asset Management Ltd,NAM-INDIA,"Asset Management","74880.72841560999","1202.7","54.7833197056418","2.5609046312463635",,
IDFC First Bank Ltd,IDFCFIRSTB,"Private Banks","72651.01747650301","85.47","64.9789029535865","3.8493038493038645",,
Oberoi Realty Limited,OBEROIRLTY,"Real Estate","65215.697228319994","1930","39.9093760892297","2.906735751295342",,
Radico Khaitan Limited,RADICO,"Alcoholic Beverages","60894.999891","4670","74.3536331331945","0.11134903640257487",,
RBL Bank Ltd,RBLBANK,"Private Banks","60407.71285185","383.25","83.2038834951456","2.465753424657535",,
KEI Industries Ltd,KEI,"Cables","53966.5358775","5858","81.2731997030438","0.37555479685900117",,
Anthem Biosciences Limited,ANTHEM,"Biotechnology","50217.291180665","895","81.9495607820912","1.0055865921787754",,
Sona BLW Precision Forgings Ltd,SONACOMS,"Auto Parts","49884.23","806","69.579115610016","3.833746898263035",,
Welspun Corp Ltd,WELCORP,"Iron & Steel","48439.77453432","1883.5","80.1823545186377","0.6636580833554451",,
Gland Pharma Ltd,GLAND,"Pharmaceuticals","48242.85034284","2902","81.0970139689863","4.748449345279115",,
IPCA Laboratories Ltd,IPCALAB,"Pharmaceuticals","44357.64547512","1875.2","44.4567320984241","3.7276023890784993",,
Ajanta Pharma Limited,AJANTPHARM,"Pharmaceuticals","43823.1297168","3723.5","54.9131767109295","0.38941855780851853",,
Endurance Technologies Ltd,ENDURANCE,"Auto Parts","42027.24572544","2968.9","69.7218710493047","3.738758462730307",,
Exide Industries Ltd,EXIDEIND,"Batteries","41084.75","475","64.7670549084858","4.505263157894723",,
Himadri Speciality Chemical Ltd,HSCL,"Commodity Chemicals","38120.57892125","784","46.0781298062135","4.528061224489788",,
Anand Rathi Wealth Ltd,ANANDRATHI,"Asset Management","35831.7056344","2173.6","64.6574316735306","2.594773647405235",,
R R Kabel Ltd,RRKABEL,"Cables","31814.3164464","2757","81.8699731903485","3.300689154878489",,
Sai Life Sciences Limited,SAILIFE,"Biotechnology","30666.578695040003","1420","79.6211426825542","3.8732394366197243",,
PNB Housing Finance Ltd,PNBHOUSING,"Home Financing","29761.97510583","1140","62.075928917609","3.0526315789473735",,
Neuland Laboratories Ltd,NEULANDLAB,"Pharmaceuticals","29451.0101995","23650","77.3886516168395","0.8160676532769529",,
PTC Industries Ltd,PTCIL,"Iron & Steel","29040.567413","20425","80.8709808709809","1.591187270501826",,
Syrma SGS Technology Limited,SYRMA,"Electronic Equipments","28793.581561959996","1473","64.7561249719038","4.752206381534285",,
Netweb Technologies India Ltd,NETWEB,"IT Services & Consulting","27672.035068259996","5219","68.4000257748566","0.9580379383023585",,
Craftsman Automation Ltd,CRAFTSMAN,"Industrial Machinery","26923.3733302","10483","68.4787102108309","2.6614518744634275",,
Chennai Petroleum Corporation Ltd,CHENNPETRO,"Oil & Gas - Refining & Marketing","21236.254754","1382","60.4229074889868","4.848046309696086",,
Kajaria Ceramics Ltd,KAJARIACER,"Building Products - Ceramics","19259.452208","1255","48.936170212766","4.3585657370518005",,
Finolex Cables Limited,FINCABLES,"Cables","18472.778785825","1319","75.9097623203975","4.169825625473833",,
Aarti Industries Ltd,AARTIIND,"Specialty Chemicals","18328.57989835","525.5","55.0404312668464","3.0827783063748893",,
Elgi Equipments Ltd,ELGIEQUIP,"Industrial Machinery","18097.11206735","625","44.6844798180784","1.415999999999995",,
TBO Tek Limited,TBOTEK,"Tour & Travel Services","17531.87359119","1700","67.8976080570709","3.811764705882359",,
Jindal SAW Ltd,JINDALSAW,"Building Products - Pipes","17448.712356565","270.65","57.5949367088608","3.824127101422503",,
Leela Palaces Hotels & Resorts Limited,THELEELA,"Hotels, Resorts & Cruise Lines","17106.99230055","504","61.2407211028632","4.5634920634920695",,
Vijaya Diagnostic Centre Limited,VIJAYA,"Hospitals & Diagnostic Centres","14710.1336563","1510.1","72.3842862699339","4.165287067081658",,
Ramkrishna Forgings Ltd,RKFORGE,"Rail","13660.165343205","753.55","88.8864290458269","1.3204166943135975",,
Balrampur Chini Mills Ltd,BALRAMCHIN,"Sugar","13275.905416919999","654.5","50.7665242523247","1.680672268907557",,
HEG Ltd,HEG,"Electrical Components & Equipments","13088.70097225","697.5","76.7881241565452","1.9641577060931947",,
Gravita India Ltd,GRAVITA,"Metals - Lead","12997.69109155","1823.4","49.1467576791809","4.946802676318951",,
Action Construction Equipment Ltd,ACE,"Heavy Machinery","12775.26321904","1117","59.2094196804037","4.7448522829006246",,
PVR INOX Ltd,PVRINOX,"Theatres","11393.159591239999","1195.1","78.3167145512929","4.568655342649164",,